x,y,title,tokens,word
-0.06383419,-0.053820975,"este tesoro. Aquí no dais de conquistar el **arte**, virtud que en un hidalgo, honrado","este tesoro. Aquí no da-is de conquistar el **arte**, virtud que en un hi-dal-go, honrado",arte
-0.055044584,0.08548633,lo imperfecto lo perfecto daña como de superior **naturaleza** el de origen oscuro en la nobleza halla blanco a,lo imper-fecto lo perfecto dañ-a como de superior **naturaleza** el de origen oscuro en la nobleza halla blanco a,naturaleza
-0.060359288,0.0775446,"la mejor se inclina. En ti se mejoró **naturaleza**, si por obligación eres hermosa, por fuerza noble","la mejor se inclin-a. En ti se mejoró **naturaleza**, si por obligación eres hermosa, por fuerza noble",naturaleza
-0.061714146,-0.05911443,"macedonio Marte, do, reguladas fuerzas y **arte**, fue el escultor igual a su guerrero. Pues","ma-cedon-io Marte, do, reguladas fuerzas y **arte**, fue el escultor igual a su guerrero. Pues",arte
-0.057539415,-0.07928925,"en tosca mano, que, oscureciendo el **arte** de Lisipo, tu espíritu infundir al mármol","en tos-ca mano, que, oscure-ciendo el **arte** de Lis-ipo, tu espíritu inf-undir al mármol",arte
-0.061662704,-0.070143096,"atra, puede vencer astuto su malicia y **arte**. Trueca la acción [UNK] y del contrario huyendo","at-ra, puede vencer astuto su mali-cia y **arte**. Tru-eca la acción [UNK] y del contrario huyendo",arte
-0.05505005,0.03279094,"su prodigio, en tu esperanza [UNK] que ya **naturaleza** al dulce intento de compensar con frutos su tardan","su prodi-gio, en tu esperanza [UNK] que ya **naturaleza** al dulce intento de compensar con frutos su tarda-n",naturaleza
-0.063194826,-0.055751443,"beya. El pintor raro, a quien el **arte** sobra, aunque acabada la pintura deja, v","be-ya. El pintor raro, a quien el **arte** sobra, aunque acaba-da la pintura deja, v",arte
-0.06469004,-0.047908142,"mismo que debieran a tu diestra. El **arte** falta do el sujeto sobra, y el vuestro es","mismo que debiera-n a tu die-stra. El **arte** falta do el sujeto sobra, y el vuestro es",arte
-0.06260181,-0.01911001,"la risa, los dientes que en la boca el **arte** anuda. Y así nos muestra Erine la","la risa, los dientes que en la boca el **arte** an-uda. Y así nos muestra Eri-ne la",arte
-0.062258754,-0.035976537,a calentarnos la noticia [UNK] en las graves hay **arte** diligente. Que exhala en los crisol,a calentar-nos la noticia [UNK] en las graves hay **arte** dili-gente. Que exha-la en los cri-sol,arte
-0.06424469,-0.039003644,"Fili, en tu pecho no puede ser jurisdicción del **arte**. Porque hoy llegó a sus términos la ira del","Fili, en tu pecho no puede ser jurisdicción del **arte**. Porque hoy llegó a sus términos la ira del",arte
-0.06407997,-0.041941393,"encías. Pero tú acude por socorro al **arte**, que, aun con sus fraudes, quiero","enc-ías. Pero tú acu-de por socorro al **arte**, que, aun con sus fraude-s, quiero",arte
-0.05966114,0.071232155,culto de las artes ¿ qué recibo ? a la **naturaleza** ¿ qué le debo ? ¿ qué importan las promesas,culto de las artes ¿ qué recibo ? a la **naturaleza** ¿ qué le debo ? ¿ qué importan las promesas,naturaleza
-0.059670907,-0.046619732,"is, no más [UNK] que en perfección tan pura **arte** ha de ser el despreciar el arte. Si","is, no más [UNK] que en perfección tan pura **arte** ha de ser el despreci-ar el arte. Si",arte
-0.06231263,-0.06375762,"tan pura arte ha de ser el despreciar el **arte**. Si el alma sus afectos desordena,","tan pura arte ha de ser el despreci-ar el **arte**. Si el alma sus afecto-s desorden-a,",arte
-0.057878267,0.08950868,"o las leyes de amor jamás comprende, o la **naturaleza** misma infama. Afectuoso el olmo","o las leyes de amor jamás comprende, o la **naturaleza** misma inf-ama. Af-ec-tuoso el ol-mo",naturaleza
-0.056137893,0.036121815,"así como allá encima de su altura, cuando por **religión** sube la gente las cenizas de antiguos sacrificios, Fili","así como allá encima de su altura, cuando por **religión** sube la gente las cenizas de antiguos sacrificios, Fili",religión
-0.063597806,-0.06432757,"por ángulo recto o por obtuso, atento al **arte**, las distancias mides. Mas di. el","por ángulo recto o por obtu-so, atento al **arte**, las distancias mide-s. Mas di. el",arte
-0.06253776,-0.02886245,"desarmarte ? ya mis nuevas defensas quiso al **arte**, y a tu pérfido antojo las","desar-mart-e ? ya mis nuevas defensas quiso al **arte**, y a tu pér-fi-do anto-jo las",arte
-0.060582995,-0.052103788,"moscas. Viviráse con gusto y más sin **arte**, y cesará el hablar por cartapacio","moscas. Vivir-ás-e con gusto y más sin **arte**, y cesar-á el hablar por carta-pac-io",arte
-0.06302902,-0.032012373,"este rosal, que libre o rudo, del **arte** huyó al favor de la floresta su arrogancia","este rosa-l, que libre o rudo, del **arte** huyó al favor de la flores-ta su arro-gancia",arte
-0.057888657,0.065498605,"de la victoria, le humilló la cerviz **naturaleza**. Naces, oh infante, en honra","de la victoria, le humill-ó la cerv-iz **naturaleza**. Nac-es, oh infan-te, en honra",naturaleza
-0.06385654,-0.05946018,si en las leyes del ornato respondió al **arte** con tan gran suceso. A cabellos de mal,si en las leyes del or-na-to respondió al **arte** con tan gran suceso. A cabello-s de mal,arte
-0.06280578,-0.03882043,inspira Favonio cuando impele las sujetas al **arte** o libres flores. Y aunque para asaltar fa,inspira Fa-von-io cuando impe-le las sujetas al **arte** o libres flores. Y aunque para asal-tar fa,arte
-0.059736036,0.083025426,"¡ Oh eterno amor, si al nuevo impulso tuyo **naturaleza** en todo el gran distrito risueña y fuerte","¡ Oh eterno amor, si al nuevo impulso tuyo **naturaleza** en todo el gran distrito ri-su-eña y fuerte",naturaleza
-0.059131086,0.088548526,"es todo luz y vida [UNK] atónita quedó **naturaleza**, contra sus mismas leyes socorrida, y","es todo luz y vida [UNK] ató-ni-ta quedó **naturaleza**, contra sus mismas leyes so-cor-rida, y",naturaleza
-0.05838806,-0.075190894,"el río, lavando paños, con tal **arte** y brío, que mil necios traía al","el río, lavan-do pañ-os, con tal **arte** y br-ío, que mil nec-ios traía al",arte
-0.061923843,-0.043509834,"ó la fiera [UNK] mas en vos vencen **arte** y valentía, juntas a la que os lleva y","ó la fi-era [UNK] mas en vos vence-n **arte** y valentía, juntas a la que os lleva y",arte
-0.058309857,0.040834572,frica ardiente [UNK] gimió esclava la falsa **religión** en fin sangriento. Vio Roma en la desorden,frica ardiente [UNK] gi-mi-ó escla-va la falsa **religión** en fin sangri-ento. Vio Roma en la desorden,religión
-0.060476158,-0.05313414,"la turba ronca y amarilla desconfiar del **arte** y del piloto, a quien, si el paras","la tur-ba ron-ca y amarilla desconfi-ar del **arte** y del piloto, a quien, si el paras",arte
-0.0528808,0.09938747,"la áulica infiel astrología. A la **naturaleza** la hermosura, y a toda la hermosura","la á-uli-ca infiel astro-logía. A la **naturaleza** la hermos-ura, y a toda la hermos-ura",naturaleza
-0.0632677,-0.040546402,así sucede : no vale contra el cielo fuerza o **arte**. Y si a Dios por nosotros no intercede,así sucede : no vale contra el cielo fuerza o **arte**. Y si a Dios por nosotros no inter-cede,arte
-0.056926016,0.05658709,"ninguna, Silvia mía, jamás lo quiso dar **naturaleza**. Sólo el que no ha sabido conoceros podrá","ninguna, Sil-via mía, jamás lo quiso dar **naturaleza**. Sólo el que no ha sabido conocer-os podrá",naturaleza
-0.06240988,-0.03717446,"n sus semblantes vencedores [UNK] asistió al **arte** en Guido la Fortuna, y el lien","n sus sem-blan-tes vencedor-es [UNK] asistió al **arte** en Gui-do la Fort-una, y el lien",arte
-0.06042753,-0.067045785,"dulces besos [UNK] mas la otra lo hace de tal **arte**, y amores os dirá, que en miel","dulces besos [UNK] mas la otra lo hace de tal **arte**, y amor-es os dirá, que en miel",arte
-0.06440246,-0.047671493,". Quéjese el agua, pues, aquí del **arte**, si nació beneficio y muere agravio. Ese",". Qué-jese el agua, pues, aquí del **arte**, si nació beneficio y muere agrav-io. Ese",arte
-0.059570502,0.08404255,"tu error y no tu daño [UNK] única te formó **naturaleza**. Pues dime, ¿ por qué quiere tu belleza","tu error y no tu daño [UNK] única te formó **naturaleza**. Pues dime, ¿ por qué quiere tu belleza",naturaleza
-0.05753093,0.059706338,"puro dolor, dolor no siento, que es ya **naturaleza** mi cuidado, y a los males estoy tan enseñado","puro dolor, dolor no siento, que es ya **naturaleza** mi cuidado, y a los males estoy tan enseñado",naturaleza
-0.060396347,0.0657433,"de tu pincel que eternidad reparte, cuando **naturaleza**, cuando el arte cede al lino espirante","de tu pin-cel que eternidad repar-te, cuando **naturaleza**, cuando el arte ce-de al lino espir-ante",naturaleza
-0.061743855,-0.052736837,"que eternidad reparte, cuando naturaleza, cuando el **arte** cede al lino espirante, al metal vivo","que eternidad repar-te, cuando naturaleza, cuando el **arte** ce-de al lino espir-ante, al metal vivo",arte
-0.057700347,0.092668295,"es delito, fulmina Jove a la **naturaleza**. ¿ Qué importa al Mongibelo estar ne","es delito, ful-mina J-ov-e a la **naturaleza**. ¿ Qué importa al Mon-gi-belo estar ne",naturaleza
-0.056961644,0.083746776,"eterno bástase Filipo. Crédito fue de la **naturaleza** tu Oriente, pues de ti su pompa f","eterno bás-tase Filip-o. Crédito fue de la **naturaleza** tu Oriente, pues de ti su pom-pa f",naturaleza
-0.061696086,-0.071508646,"la azucena de templada nieve. El **arte** es superior, pero sin arte el ingenio es aci","la az-uc-ena de temp-lada nieve. El **arte** es superior, pero sin arte el ingenio es aci",arte
-0.057533123,-0.070610926,"lada nieve. El arte es superior, pero sin **arte** el ingenio es acierto y no es ventura","lada nieve. El arte es superior, pero sin **arte** el ingenio es aci-erto y no es vent-ura",arte
-0.06042272,-0.03890485,"amor, ¿ cómo es odioso ? Si de **arte** ofende en la deidad, ¿ hay arte","amor, ¿ cómo es odio-so ? Si de **arte** ofen-de en la de-idad, ¿ hay arte",arte
-0.060702726,-0.058502696,"arte ofende en la deidad, ¿ hay **arte** ? Confieso que al dolor tal vez prefiere el","arte ofen-de en la de-idad, ¿ hay **arte** ? Confi-eso que al dolor tal vez prefiere el",arte
-0.057274316,0.04971661,tu engaño sobre tu cabeza ? Quien hace la traición **naturaleza** tema del tiempo el alevoso agravio.,tu engaño sobre tu cabeza ? Quien hace la traición **naturaleza** tema del tiempo el ale-vos-o agrav-io.,naturaleza
-0.06356803,-0.05021073,"hermosura, en cuya argumentada arquitectura feliz el **arte** mejoró la idea. Lo que así la atención te","hermos-ura, en cuya argument-ada arquitectura feliz el **arte** mejoró la idea. Lo que así la atención te",arte
-0.06388085,-0.044363916,"diestra los colores, y pueda dar espíritus el **arte**. Tisbe, si adoras de tu","die-stra los colores, y pueda dar espíritus el **arte**. Ti-s-be, si adora-s de tu",arte
-0.05760303,0.070757575,", volverase a su esfera fácilmente, que así **naturaleza** lo dispone. Y el amante que quiere que se",", volver-ase a su esfera fácilmente, que así **naturaleza** lo dispone. Y el amante que quiere que se",naturaleza
-0.057962257,0.05798586,"cumbre la belleza, que en ella se excedió **naturaleza** a sí misma, y al cielo la adelantas","cumbre la belleza, que en ella se exce-dió **naturaleza** a sí misma, y al cielo la adelan-tas",naturaleza
-0.05785133,-0.042620417,"to intento, el nudo romperé por fuerza o **arte**, la nieve deshará mi ardiente celo,","to intento, el nudo romper-é por fuerza o **arte**, la nieve desha-rá mi ardiente cel-o,",arte
-0.06095451,-0.06215409,"desnudo una figura, donde la traza, el **arte** y compostura ningún velo las cubra artificioso","desnudo una figura, donde la tra-za, el **arte** y compos-tura ningún velo las cu-bra artifici-oso",arte
-0.06324504,-0.0563422,"nuevas proezas !, pero inventa el **arte** un nuevo estilo al nuevo paladino. Y","nuevas pro-eza-s !, pero invent-a el **arte** un nuevo estilo al nuevo pala-din-o. Y",arte
-0.062598124,-0.03197685,"el bien y el mal, la dulce fuerza y **arte**, en la primera y la segunda parte, donde","el bien y el mal, la dulce fuerza y **arte**, en la primera y la segunda parte, donde",arte
-0.062886,-0.06299004,"entre pesador yerros apretado, tal **arte** y tal virtud en sí contiene ! Jamás en","entre pesado-r ye-rro-s apre-tado, tal **arte** y tal virtud en sí contiene ! J-amás en",arte
-0.049523093,0.020796098,el otro ya te llama espíritu de Apolo en ambas **ciencias**. No ha menester el que tus hechos canta,el otro ya te llama espíritu de Apolo en ambas **ciencias**. No ha men-ester el que tus hechos canta,ciencias
-0.06314908,-0.054730035,"hacer un tapiz la industria humana en donde el **arte** a la materia exceda, y con su adorno","hacer un tap-iz la industria humana en donde el **arte** a la materia exceda, y con su adorn-o",arte
-0.060077753,0.0707353,proceder más me enamora que en cuanto en ti **naturaleza** admira. ¡ Cuán sin engaño tus entrañas pura,proceder más me enamor-a que en cuanto en ti **naturaleza** admira. ¡ Cuán sin engaño tus entraña-s pura,naturaleza
-0.05569542,0.040941462,"volverás al triste de Felino ! Juntó **naturaleza** dos borricos, Bras [UNK] y Sancha","volverás al triste de Feli-no ! J-unt-ó **naturaleza** dos bor-rico-s, Bras [UNK] y San-cha",naturaleza
-0.060072094,0.053378146,"vos de mal esquivo, sino de cuanto bien **naturaleza** pudo comunicar a la alma y vida. Afuera el","vos de mal esqui-vo, sino de cuanto bien **naturaleza** pudo comunicar a la alma y vida. Afuera el",naturaleza
-0.058123358,-0.029714016,"to intento, el nudo romperé con fuerza o **arte**, la nieve deshará mi ardiente celo.","to intento, el nudo romper-é con fuerza o **arte**, la nieve desha-rá mi ardiente cel-o.",arte
-0.058836196,0.06048043,"olvidar. Por sólo habituación perseverar amor **naturaleza** llega a ser [UNK] ¡ qué fácil, Filis","olvidar. Por sólo habit-ua-ción persever-ar amor **naturaleza** llega a ser [UNK] ¡ qué fácil, Fili-s",naturaleza
-0.061805632,-0.067314535,"efectos soy enamorado, tú lo muestras estar con algún **arte** [UNK] viento sacas al fin de trabajarte, yo","efectos soy enamorado, tú lo muestras estar con algún **arte** [UNK] viento sacas al fin de trabajar-te, yo",arte
-0.057679303,0.04414321,"queda don Diego, y basta solo. De sola **religión** vana movido, bárbaro, que en su","queda don Diego, y basta solo. De sola **religión** van-a movido, bárbar-o, que en su",religión
-0.057786487,0.028488547,"muestra que con ella se consuele. Si nuestra **religión** lo permitiera, como aquella gentil que solamente de un","muestra que con ella se consue-le. Si nuestra **religión** lo permitiera, como aquella gentil que solamente de un",religión
-0.050746605,-0.030337822,"[UNK] toda su calidad entiendo y siento [UNK] y si **arte**ro no soy del escarmiento, no es poco","[UNK] toda su calidad entiendo y siento [UNK] y si **arte**-ro no soy del escar-miento, no es poco",arte
-0.062372528,-0.0685342,que alabar se ofrece que el ingenio y el **arte** desfallece y sólo el desear queda por guía,que alab-ar se ofrece que el ingenio y el **arte** desf-alle-ce y sólo el desear queda por guía,arte
-0.05964046,-0.057098843,"cordura, ingenio, honestidad, seso, **arte** y gloria, linaje y todo el bien que da","cor-dura, ingenio, honestidad, ses-o, **arte** y gloria, linaje y todo el bien que da",arte
-0.061392408,-0.048451018,"las mañas que en falta de virtud sufren con **arte**, acrecen en la tuya y de tu parte","las ma-ñas que en falta de virtud sufren con **arte**, acre-cen en la tuya y de tu parte",arte
-0.06396992,-0.04074135,"se ve tan clara que al ojo engaña el **arte** soberano. Artífice ingenioso, ¿ qué","se ve tan clara que al ojo engañ-a el **arte** soberano. Art-ífic-e ingenio-so, ¿ qué",arte
-0.062067967,-0.04660307,"alma aspire a nueva hermosura o con cuál **arte** ? Si son nieve, oro, perlas y coral","alma aspir-e a nueva hermos-ura o con cuál **arte** ? Si son nieve, oro, perlas y coral",arte
-0.06375042,-0.043844014,"s, sin que quede confusa o falsa el **arte**, debéis, para que no muera de envidia","s, sin que quede conf-usa o falsa el **arte**, deb-éis, para que no muera de envidia",arte
-0.0590448,-0.072748795,"fiero Marte. Sabed por experiencia con cuál **arte** se transforma el amante en el amada, y sabré","fi-ero Marte. Sabe-d por experiencia con cuál **arte** se transforma el amante en el amada, y sabré",arte
-0.06140463,0.0012780082,"podría, celas con importuna e envidiosa **arte** [UNK] a mí causas dolor con tu cerrarte y","podría, cel-as con import-una e envi-diosa **arte** [UNK] a mí causas dolor con tu cerrar-te y",arte
-0.060376357,-0.06950008,"son chismes los que fueron chistes, mentir con **arte**, su razón de estado. En muchos vive la","son chis-mes los que fueron chistes, mentir con **arte**, su razón de estado. En muchos vive la",arte
-0.06339361,-0.057975147,"s de industrias viles, con engaño, y **arte**. Quien llama consejeros a los días, y los","s de industrias vil-es, con engaño, y **arte**. Quien llama consejeros a los días, y los",arte
-0.06299758,-0.061692443,"alma ciegos. Quien de disimular ignora el **arte**, ni amar pretenda, ni reinar espere","alma ciegos. Quien de disim-ular ignor-a el **arte**, ni amar preten-da, ni reina-r espere",arte
-0.060404114,0.06557798,"colores bellos, acierta, sin pensar, **naturaleza**. Es piedad, es razón, es dicha,","colores bello-s, aci-erta, sin pensar, **naturaleza**. Es piedad, es razón, es dicha,",naturaleza
-0.06254741,-0.029814836,"cio mira que lo juzgan hombres. No hay **arte** como el mío en toda España, ni lleva nadie","cio mira que lo juz-gan hombres. No hay **arte** como el mío en toda España, ni lleva nadie",arte
-0.06409222,-0.043374065,"có por el de cómico su estado. Ninguno el **arte** propio le admitía, que como de verano fue","có por el de cómico su estado. Ninguno el **arte** propio le admi-tía, que como de verano fue",arte
-0.058845032,0.08575663,"con la común hipocresía. Que a sí **naturaleza** sabia, cría nutre, y prosigue su","con la común hipo-cres-ía. Que a sí **naturaleza** sabia, cría nu-tre, y prosi-gue su",naturaleza
-0.06107279,0.07855989,"se pierde por momentos. Si ociosa no asistió **naturaleza**, admirada, a la tuya, ¡ oh","se pierde por momentos. Si ocio-sa no asistió **naturaleza**, admira-da, a la tuya, ¡ oh",naturaleza
-0.055226054,0.08943881,"aun hoy sellado el labio, si la **naturaleza** aun hoy te aclama Virgen pura, si el","aun hoy sell-ado el lab-io, si la **naturaleza** aun hoy te aclam-a Virgen pura, si el",naturaleza
-0.060640704,0.04900692,"camino. yace el Griego. Heredó **naturaleza** arte, y el arte estudio, iris colores,","camino. ya-ce el Grie-go. Here-dó **naturaleza** arte, y el arte estudio, iris colores,",naturaleza
-0.06319359,-0.038612958,". yace el Griego. Heredó naturaleza **arte**, y el arte estudio, iris colores, Fe",". ya-ce el Grie-go. Here-dó naturaleza **arte**, y el arte estudio, iris colores, Fe",arte
-0.06195403,-0.05060416,"Griego. Heredó naturaleza arte, y el **arte** estudio, iris colores, Febo luces, si","Grie-go. Here-dó naturaleza arte, y el **arte** estudio, iris colores, Fe-bo luces, si",arte
-0.059191562,0.07418006,"camino. Yace el Griego, heredó **naturaleza** Arte, y el Arte estudio, Iris colores,","camino. Ya-ce el Grie-go, hered-ó **naturaleza** Arte, y el Arte estudio, Iris colores,",naturaleza
-0.05996488,0.033593714,". Calificó un cuchillo los perfectos medios, que **religión** celante ordena, para ascender a la mayor victoria",". Cali-ficó un cuchillo los perfectos medios, que **religión** cel-ante ordena, para ascender a la mayor victoria",religión
-0.055416167,0.02939818,"tan rígida abstinencia ! En su **religión** santa, de modesto nunca ha querido lo que no","tan rí-gida abst-ine-n-cia ! En su **religión** santa, de modesto nunca ha querido lo que no",religión
-0.05663683,0.054160874,"debemos, nin es servida con mil servidores [UNK] **naturaleza**, si bien lo entendemos, de poca es far","debemos, nin es servi-da con mil servidores [UNK] **naturaleza**, si bien lo entendemos, de poca es far",naturaleza
-0.060407463,0.07633896,"veo la gentil criatura que el cielo, acorde con **naturaleza** formaron, loo mi buena ventura, el punto","veo la gentil criatura que el cielo, acorde con **naturaleza** formaron, loo mi buena vent-ura, el punto",naturaleza
-0.055574697,0.026874008,en sustentar a mano armada tan gran traición y **religión** malvada y a Dios esta región y al Rey nega,en sustent-ar a mano armada tan gran traición y **religión** malvada y a Dios esta región y al Rey nega,religión
-0.061039772,-0.06956271,"parte. Si puede mano, pluma, ingenio y **arte** loaros del renombre conquistado y el muy","parte. Si puede mano, pluma, ingenio y **arte** lo-aros del renom-bre conquista-do y el muy",arte
-0.060745467,-0.055894595,valor esfuerzo y valentía. Y con solicitud prudencia y **arte** el nombre apellidando de María allí se,valor esfuerzo y valentía. Y con solicitud prudencia y **arte** el nombre apel-lida-n-do de María allí se,arte
-0.06017972,-0.0754256,años dado. El mar surcando con prudencia y **arte** diste principio al muy alto ejercicio siguiendo del Hispano el,años dado. El mar sur-cando con prudencia y **arte** diste principio al muy alto ejercicio siguiendo del Hispano el,arte
-0.06225451,-0.060992334,la quietud vuestra dejado con prudencia valor esfuerzo y **arte** por Don que el quinto cielo en vos repara,la quie-tud vuestra dejado con prudencia valor esfuerzo y **arte** por Don que el quinto cielo en vos repar-a,arte
-0.061650325,-0.062793635,y más grandeza. El muy alto valor prudencia y **arte** que en la milicia habéis siempre mostrado sublima,y más grandeza. El muy alto valor prudencia y **arte** que en la milicia habéis siempre mostrado sub-lim-a,arte
-0.059980985,-0.06454804,que de uno y otro andáis acompañado haciendo el **arte** de sin par guerrero. Italia y Francia dan muestra,que de uno y otro and-áis acompañado haciendo el **arte** de sin par guerrero. Italia y Francia dan muestra,arte
-0.057280034,0.07122065,Así que la virtud que en esta parte es a **naturaleza** repugnante hace que Marte os sea muy propicio. Y,Así que la virtud que en esta parte es a **naturaleza** repugnante hace que Marte os sea muy propicio. Y,naturaleza
-0.061770923,-0.055257265,"los trabajos siendo bien constante con singular prudencia ingenio y **arte** milicia administráis vuestro ejercicio. Loco, atre","los trabajos siendo bien constante con singular prudencia ingenio y **arte** milicia administ-rá-is vuestro ejercicio. Loco, atre",arte
-0.05588863,0.075734496,"la doncella, porque es este deseo y apetito común **naturaleza** de los hombres. Celos, que tantas veces","la doncella, porque es este deseo y apetito común **naturaleza** de los hombres. Cel-os, que tantas veces",naturaleza
-0.055331383,0.08309786,", argos del viento, y a la mortal **naturaleza** odiosa [UNK] vil salteador, que a",", ar-gos del viento, y a la mortal **naturaleza** odio-sa [UNK] vil sal-teado-r, que a",naturaleza
-0.057739507,0.078332305,"es, que ese nome conviene a tu cruel **naturaleza** [UNK] diamante que no hay sangre que te dome","es, que ese nom-e conviene a tu cruel **naturaleza** [UNK] diamante que no hay sangre que te dom-e",naturaleza
-0.053996522,0.084002726,"igual flaqueza. Suelen decir que por **naturaleza** son fáciles el mal, pero yo digo que de","igual fla-quez-a. Suel-en decir que por **naturaleza** son fáciles el mal, pero yo digo que de",naturaleza
-0.061819565,-0.055744138,"tierra se cultiva. Zoroastes el **arte** encantativa, el conservar el fuego Prometeo,","tierra se cultiv-a. Z-oro-aste-s el **arte** encanta-tiva, el conservar el fuego Prome-teo,",arte
-0.05848443,0.08074646,"en las costumbres se transforma por ellos viene a ser **naturaleza** que, como cuerpo, al alma se conforma","en las costumbres se transforma por ellos viene a ser **naturaleza** que, como cuerpo, al alma se conform-a",naturaleza
-0.05867095,0.039233007,"divino el linaje mortal la inmortal gloria que dan la **ciencias**, y la eterna historia, que a la perpetu","divino el linaje mortal la inmortal gloria que dan la **ciencias**, y la eterna historia, que a la perpetu",ciencias
-0.06004699,0.07628305,"caja tersa, en seno nacarado, **naturaleza** que prodigios cría, junta el rocío que","caja ter-sa, en seno nac-ara-do, **naturaleza** que prodi-gios cría, junta el roc-ío que",naturaleza
-0.06009789,-0.039267503,"que entre ramas siempre amenas os hace con el **arte** peregrinas. Oíd mis quejas, pero no","que entre ramas siempre amena-s os hace con el **arte** peregr-inas. Oí-d mis quejas, pero no",arte
-0.05988091,0.06931649,"que el seso las raíces pierde. Quiso **naturaleza**, en un perfecto retrato, descansar de su por","que el ses-o las raíces pierde. Qui-so **naturaleza**, en un perfecto retrato, descansar de su por",naturaleza
-0.06263365,-0.049968123,"la estimación, niega el respeto. Dispuso el **arte**, y con pincel discreto templar colores","la estimación, niega el respeto. Dis-puso el **arte**, y con pin-cel discre-to temp-lar colores",arte
-0.057441078,0.0707405,"halló logrado el fin de su concepto. Y así **naturaleza**, artificiosa, dispuso en Laura lo que halló","halló logrado el fin de su concepto. Y así **naturaleza**, artifici-osa, dispuso en Laura lo que halló",naturaleza
-0.059074987,0.090792134,"aspereza vendréis a ser en mí **naturaleza**, y perderá el vigor vuestra porfía. Si","as-per-eza ven-dré-is a ser en mí **naturaleza**, y perderá el vigor vuestra por-fía. Si",naturaleza
-0.059795048,0.023424389,"el peso, y para bien vivir, la mejor **arte** [UNK] tanto, que el sol, con ser con","el peso, y para bien vivir, la mejor **arte** [UNK] tanto, que el sol, con ser con",arte
-0.059965488,0.06367134,"belleza, Aurora de jazmín [UNK] si por **naturaleza**, Querubín [UNK] si Dios por pensamiento y","belleza, Aurora de ja-z-mín [UNK] si por **naturaleza**, Quer-ub-ín [UNK] si Dios por pensamiento y",naturaleza
-0.063768834,-0.032587044,"has pasado a mis entrañas, non cale el **arte** que abrasar te puedo No hay que esperar,","has pasado a mis entraña-s, non cale el **arte** que abras-ar te puedo No hay que esperar,",arte
-0.061697956,0.07198808,"admira el hombre. Parece que la estampa considera **naturaleza**, y que la mano inclina a la bel","admira el hombre. Parece que la estam-pa considera **naturaleza**, y que la mano inclin-a a la bel",naturaleza
-0.057760816,0.030339057,"estrecho. Para que la mujer escuche y crea, **naturaleza** al principal sentido, que es el oír, con","estrecho. Para que la mujer escuche y crea, **naturaleza** al principal sentido, que es el oír, con",naturaleza
-0.0595513,0.08588665,Entiendes bien ? En el entendimiento parezco celestial **naturaleza**. - ¿ Tienes tu voluntad ? - ¿ En,Entiendes bien ? En el entendimiento parezco cele-sti-al **naturaleza**. - ¿ Tienes tu voluntad ? - ¿ En,naturaleza
-0.055982966,0.09029559,"ureles vencedores. Quejosa está de vos **naturaleza** por vuestra condición áspera y dura, que para","ure-les vencedor-es. Que-josa está de vos **naturaleza** por vuestra condición ás-pera y dura, que para",naturaleza
-0.0611213,-0.07090008,"ura. Ciencia es saber, que con ingenio y **arte** alcanza un hombre, no manteo y bonete","ura. Ciencia es saber, que con ingenio y **arte** alcanza un hombre, no mante-o y bon-ete",arte
-0.061215915,-0.054057337,"oh poderoso Niño !, una venda con trabajo y **arte** tejí de oro y colores, donde parte retra","oh poderoso Niño !, una venda con trabajo y **arte** tej-í de oro y colores, donde parte retra",arte
-0.0623239,0.018501835,"volvió restituía, mas no al sentido, la **arte** poderosa [UNK] que no lo tuve yo, cuando furi","volvió restitu-ía, mas no al sentido, la **arte** poderosa [UNK] que no lo tuve yo, cuando furi",arte
-0.0595585,-0.06406104,"fui ladrón hasta una paja, en memoria de mi **arte** y suficiencia, a la puerta consagro","fui ladrón hasta una paja, en memoria de mi **arte** y suf-ici-encia, a la puerta consa-gro",arte
-0.056331243,0.044562753,"desvía, duraré y permaneceré de esta **arte**, en el mar, en el cielo, y","desv-ía, durar-é y permanecer-é de esta **arte**, en el mar, en el cielo, y",arte
-0.060170196,-0.035317365,"y por hombre era tenido [UNK] pudieran seso y **arte** socorrerme, el tiempo, la experiencia","y por hombre era tenido [UNK] pudieran ses-o y **arte** so-cor-rer-me, el tiempo, la experiencia",arte
-0.059990916,-0.03428463,") de mi fe amorosa el culto, que con **arte** misteriosa de accidentes humanos se desnuda. Si es deli",") de mi fe amorosa el culto, que con **arte** misteriosa de accidentes humanos se desnuda. Si es deli",arte
-0.064741544,-0.03384984,"de aquella hermosura Divina, en quien el **arte** que feliz imitó la inferior parte, de no","de aquella hermos-ura Divi-na, en quien el **arte** que feliz imit-ó la inferior parte, de no",arte
-0.063792825,-0.05401128,"y el cuidado. Misterio encierra superior al **arte**, que por virtud oculta las colores, fuerza influy","y el cuidado. Mist-erio enci-erra superior al **arte**, que por virtud oculta las colores, fuerza influy",arte
-0.06214386,-0.06546723,"vencedora, se embarazó su fuerza con el **arte** : El golpe, como amante, recibisteis","vencedor-a, se embara-zó su fuerza con el **arte** : El golpe, como amante, recibi-ste-is",arte
-0.0554917,0.083652556,"entor moría. Estremeciose la **naturaleza**, oscureciose el Sol, desaniman","ento-r mor-ía. Estre-mec-ios-e la **naturaleza**, oscure-cios-e el Sol, desan-ima-n",naturaleza
-0.058661796,0.08191126,"polvo guarda el primer uso inobediente a la **naturaleza** : padeció vivo, y muerto no reposa","polvo guarda el primer uso ino-be-diente a la **naturaleza** : pade-ció vivo, y muerto no repos-a",naturaleza
-0.06128142,-0.0713992,", y lisonjero, aborreces el **arte** cauteloso ? Si no te finges soñ",", y lis-on-jero, abor-rec-es el **arte** caute-los-o ? Si no te fin-ges soñ",arte
-0.05987678,0.08213869,"as de formarte humana tan desmentida la **naturaleza**. Juzgaba Celia la ignorancia mía,","as de formar-te humana tan des-ment-ida la **naturaleza**. J-uz-gaba Cel-ia la ignorancia mía,",naturaleza
-0.061033577,-0.06331263,"las voluntades, el dejar una falta todo el **arte**. Celia, no ves la saña del","las voluntad-es, el dejar una falta todo el **arte**. Cel-ia, no ves la sa-ña del",arte
-0.06367036,-0.057852704,"Marte, con tal porción, tal providencia y **arte**, que vive i goza de ello la natura","Marte, con tal porción, tal provi-dencia y **arte**, que vive i goza de ello la natur-a",arte
-0.058085654,-0.089312136,"so [UNK] ¡ Tanto el afán y tanto el **arte** pudo ! Invención rara, que en el mármol","so [UNK] ¡ Tanto el af-án y tanto el **arte** pudo ! In-vención rara, que en el mármol",arte
-0.061618514,-0.042266604,"vención rara, que en el mármol rudo No sin **arte** grabó, maravilloso, De su mano, su nombre","vención rara, que en el mármol rudo No sin **arte** grabó, maravilloso, De su mano, su nombre",arte
-0.062651984,-0.046723425,". Este que ves engaño colorido, que del **arte** ostentando los primores, con falsos silo",". Este que ves engaño color-ido, que del **arte** ostent-ando los primor-es, con falsos sil-o",arte
-0.058675356,0.0705667,"la vana gentileza, en cuyo ser unió **naturaleza** la cuna alegre y triste sepultura. ¡ Cuán","la van-a gentil-eza, en cuyo ser unió **naturaleza** la cuna alegre y triste sepul-tura. ¡ Cuán",naturaleza
-0.06396445,-0.048313357,"gloriosa palma. Pues más que a ciencia el **arte** has reducido, haciendo suspensión de toda un alma,","glor-iosa palma. Pues más que a ciencia el **arte** has reducido, haciendo suspensión de toda un alma,",arte
-0.063025475,-0.045259546,"para aplaudirte ponderaciones buscaré del **arte** retórica, que fuera limitarte querer entre sus cláusulas","para apla-udi-r-te ponder-aciones buscar-é del **arte** retórica, que fuera limitar-te querer entre sus cláusulas",arte
-0.057326768,0.08158525,"conculcaréis la Luna. ¡ Oh vil **naturaleza**, esclava ingrata, que a quien","con-cul-car-éis la Luna. ¡ Oh vil **naturaleza**, escla-va ing-ra-ta, que a quien",naturaleza
-0.056405228,0.053090844,el caso sumamente impío [UNK] helada se quedó **naturaleza** : Helado el pulso en su postrer vive,el caso sumamente imp-ío [UNK] hel-ada se quedó **naturaleza** : Hel-ado el pulso en su postre-r vive,naturaleza
-0.062005322,-0.06306238,menos te busca más te llegas [UNK] bien claro el **arte** de tus obras ciegas con castigo cruel me va,menos te busca más te llegas [UNK] bien claro el **arte** de tus obras ciega-s con castigo cruel me va,arte
-0.06014104,0.08557114,"ed ! no más escándalo del suelo, que esta **naturaleza** divertida, y en vuestra dulce confusión perdida, pues","ed ! no más escándalo del suelo, que esta **naturaleza** divertida, y en vuestra dulce confusión perdida, pues",naturaleza
-0.057502035,0.070065476,"luminares de los cielos. No alcanza más honor **naturaleza**, que vos le dais, ni más amor","lumin-ares de los cielos. No alcanza más honor **naturaleza**, que vos le da-is, ni más amor",naturaleza
-0.0534834,0.033630755,"si no es muy poco a poco [UNK] de otra **arte** pienso ser siempre engañado. Nunca creo el placer,","si no es muy poco a poco [UNK] de otra **arte** pienso ser siempre engañado. Nunca creo el placer,",arte
-0.058048118,-0.009283375,"el mundo me traían [UNK] y miro por cual **arte** sus errores, concibiendo dolor, maldad parían","el mundo me traía-n [UNK] y miro por cual **arte** sus errores, conci-biendo dolor, maldad par-ían",arte
-0.062220268,-0.037680816,"y no pelea con desear, que es desear su **arte**. Gran tiempo fui de males tan dañado, por","y no pelea con desear, que es desear su **arte**. Gran tiempo fui de males tan dañado, por",arte
-0.058681615,-0.016898004,", para el yelmo le falta toda el **arte**, y tiembla cada vez que entra en su",", para el ye-l-mo le falta toda el **arte**, y tiem-bla cada vez que entra en su",arte
-0.060731843,-0.035756573,", el cielo y más los elementos han puesto su **arte**, hicieron a porfía ésta, cuyo nombre es",", el cielo y más los elementos han puesto su **arte**, hicieron a por-fía ésta, cuyo nombre es",arte
-0.056662038,0.029009813,"quien Febo dio la dulce lira y la **arte** gloriosa de Melampo, remediad","quien Fe-bo dio la dulce li-ra y la **arte** glor-iosa de Mel-amp-o, reme-dia-d",arte
-0.06320722,-0.036435027,"ni se debe al pensamiento [UNK] fallecen fuerza y **arte**, y triste siento la muerte apresurárseme import","ni se debe al pensamiento [UNK] falle-cen fuerza y **arte**, y triste siento la muerte apresur-árse-me import",arte
-0.058435697,-0.0117616225,"hebras que cogía en lazos de oro con **arte** vuestra blanca y tierna mano, miraba, y","he-bras que co-gía en lazos de oro con **arte** vuestra blanca y tier-na mano, miraba, y",arte
-0.060869567,0.03233087,las luces de ella habrás llegado a perfección de la **arte**. Luces en quien su luz el sol renueva,las luces de ella habrás llegado a perfección de la **arte**. Luces en quien su luz el sol ren-ueva,arte
-0.05863403,0.074856,"calor un hielo hecho, y un fuego de inmortal **naturaleza** en la fuerza y vigor del mayor frío. Hur","calor un hielo hecho, y un fuego de inmortal **naturaleza** en la fuerza y vigor del mayor frío. Hur",naturaleza
-0.061470766,0.03265949,"con dulzura suavemente en su gentil figura, si la **arte** es para tanto poderosa. Mezcla cinamo negro","con dulzura suavemente en su gentil figura, si la **arte** es para tanto poderosa. Mez-cla cin-amo negro",arte
-0.06075802,-0.08188545,"blasón, valor nunca domado, ingenio y **arte** hacen que vencido no pueda ser del tiempo un mortal","blas-ón, valor nunca dom-ado, ingenio y **arte** hacen que vencido no pueda ser del tiempo un mortal",arte
-0.06145802,-0.0705999,"porfía el valor juntarán, la fuerza y **arte**. Luego verás al númida guerrero perder roto el","por-fía el valor juntar-án, la fuerza y **arte**. Luego verás al núm-ida guerrero perder roto el",arte
-0.06265469,0.021753294,"eza su fuerza en vuestra luz mostrar procura. La **arte** a su fin llegó, la hermosura al intento","eza su fuerza en vuestra luz mostrar procura. La **arte** a su fin llegó, la hermos-ura al intento",arte
-0.059211675,-0.0689378,"tiente, contra aquella difícil ligadura. Con **arte** no, con fuerza se aventura al fin, y","tien-te, contra aquella difícil liga-dura. Con **arte** no, con fuerza se aventura al fin, y",arte
-0.06150755,-0.05099097,el vencido italiano del osado español la fuerza y **arte**. Otro mayor que tú en el yugo indi,el vencido italiano del os-ado español la fuerza y **arte**. Otro mayor que tú en el yu-go indi,arte
-0.060513087,0.07138334,"dera cuya blanca nieve copo a copo formó **naturaleza**, cándida ofrece al valle su pureza si a","dera cuya blanca nieve co-po a co-po formó **naturaleza**, cán-dida ofrece al valle su pureza si a",naturaleza
-0.05984404,0.0315201,"! Purificó el cuchillo los perfectos medios que **religión** celante ordena, para ascender a la mayor victoria","! Pur-ific-ó el cuchillo los perfectos medios que **religión** cel-ante ordena, para ascender a la mayor victoria",religión
-0.059387583,0.06577659,"más acertada, no fió tanto a la **naturaleza**. En esto verá el arte su flaqueza","más acer-tada, no fi-ó tanto a la **naturaleza**. En esto verá el arte su fla-quez-a",naturaleza
-0.06065511,-0.046841603,"ó tanto a la naturaleza. En esto verá el **arte** su flaqueza, quedando, vida y muerte","ó tanto a la naturaleza. En esto verá el **arte** su fla-quez-a, quedando, vida y muerte",arte
-0.062370185,-0.061673373,"mano en su destreza. De esta falta del **arte**, vos, señora, no quedáis ofendida","mano en su destr-eza. De esta falta del **arte**, vos, señora, no qued-áis ofen-dida",arte
-0.06245155,-0.03651541,", dulce dolor que aplaude lo que siente, **arte** que ignora más quien más entiende. Esta que",", dulce dolor que apla-ude lo que siente, **arte** que ignor-a más quien más entiende. Esta que",arte
-0.06013904,-0.0792099,"escribe y yo las leo. Vencida queda el **arte** del deseo, los imposibles dando por razones,","escribe y yo las leo. Ven-cida queda el **arte** del deseo, los imposible-s dando por razones,",arte
-0.062152505,-0.0687673,más qué será de aquel traslado que procura sacar el **arte** en vano ? Sólo yo tengo aquel tan peregrino,más qué será de aquel traslado que procura sacar el **arte** en vano ? Sólo yo tengo aquel tan peregr-ino,arte
-0.060195535,-0.046736654,"en toda parte [UNK] cuando empezaba a fabricar el **arte** artificiosas máquinas guerreras, y cuando, atento","en toda parte [UNK] cuando empe-zaba a fabricar el **arte** artifici-osas máquinas guer-reras, y cuando, atento",arte
-0.05681197,0.07611649,"pretendiendo con vil indignidades mi desprecio, nueva **naturaleza** haré del uso, ufano ya de no","preten-diendo con vil indign-idades mi desprecio, nueva **naturaleza** haré del uso, u-fan-o ya de no",naturaleza
-0.06311917,-0.06312518,alado cede la fuerza y no aprovecha el **arte**. No sólo admira que tu mano venza el,ala-do ce-de la fuerza y no aprovecha el **arte**. No sólo admira que tu mano ven-za el,arte
-0.059738982,-0.079855025,"la materia con que admira, sino que pueda el **arte** en la mentira a la misma verdad hacer [UNK] [UNK]","la materia con que admira, sino que pueda el **arte** en la mentira a la misma verdad hacer [UNK] [UNK]",arte
-0.059384547,-0.07999137,"latre al fingimiento. ¡ Oh milagro del **arte** que ha podido, dando a una tabla voz y","la-tre al fin-gimiento. ¡ Oh milagro del **arte** que ha podido, dando a una tabla voz y",arte
-0.06323216,-0.053873044,"ante paciencia no previene ? Si el dios del **arte** en tu defensa viene, hecho del desengaño","ante paciencia no previ-ene ? Si el dios del **arte** en tu defensa viene, hecho del desen-ga-ño",arte
-0.060609728,-0.053235926,"mausoleo cuyo sujeto, prodigioso en **arte**, más eleva el juicio que los ojos [UNK] pero","ma-uso-leo cuyo sujeto, prodi-gios-o en **arte**, más eleva el juicio que los ojos [UNK] pero",arte
-0.06193293,-0.050903685,"ha violado. Alta no construcción, no fuerza de **arte** en virtud puede dar, de muertos vivos, voces","ha violado. Alta no construcción, no fuerza de **arte** en virtud puede dar, de muertos vivos, voces",arte
-0.060277656,-0.05904037,"espera ? Amor rige su imperio sin espada, con **arte** de admirable providencia, tal que aparente suele","espera ? Amor rige su imperio sin espada, con **arte** de admira-ble provi-dencia, tal que aparente suele",arte
-0.06308216,-0.0045879125,"amor se ofende. La pasión encubierta en **arte** pura, es el misterio libre de un sujeto que","amor se ofen-de. La pasión encu-bierta en **arte** pura, es el misterio libre de un sujeto que",arte
-0.061044212,0.062427547,"dura ley de amor, que el no guardalla **naturaleza** y no costumbre sea de quien no da placer sin","dura ley de amor, que el no guarda-lla **naturaleza** y no costumbre sea de quien no da placer sin",naturaleza
-0.06431478,-0.04705196,"el formaros dejó natura tan vencida el **arte**, que vos sola podéis menospreciarla.","el formar-os dejó natur-a tan ven-cida el **arte**, que vos sola podéis menos-pre-ciar-la.",arte
-0.060006324,-0.078653015,"usado mi estilo, mi razón, mi ingenio y **arte**. Lo que en mí fue cantar silencio sea,","usado mi estilo, mi razón, mi ingenio y **arte**. Lo que en mí fue cantar silencio sea,",arte
-0.058194097,-0.010618447,"señora mía, me sustentaba sin usar de otra **arte**, cuando en segura y reposada parte Fortuna","señora mía, me sustent-aba sin usar de otra **arte**, cuando en segura y repos-ada parte Fort-una",arte
-0.062376883,-0.041386575,", y el trocado de aqueste modo y **arte** se quejaba. [UNK] ¡ Hay triste !,",", y el tro-cado de aque-ste modo y **arte** se queja-ba. [UNK] ¡ Hay triste !,",arte
-0.060560524,-0.04933213,"ña [UNK] no sé ya como valerte [UNK] el **arte** dejo en manos de la suerte, para que ella","ña [UNK] no sé ya como valer-te [UNK] el **arte** dejo en manos de la suerte, para que ella",arte
-0.06382547,-0.04720051,"jamás se parte. En dos objetos vivo de tal **arte** ( ¡ terrible división ! ), que noche y","jamás se parte. En dos objetos vivo de tal **arte** ( ¡ terrible división ! ), que noche y",arte
-0.063759826,-0.057897627,si en las leyes del ornato respondió al **arte** con tan gran suceso. A cabellos de mal,si en las leyes del or-na-to respondió al **arte** con tan gran suceso. A cabello-s de mal,arte
-0.05914432,0.058234066,"tal, pues que sabemos que nos engaña así **naturaleza** ? Porque ese cielo azul que todos vemos, ni","tal, pues que sabemos que nos engañ-a así **naturaleza** ? Porque ese cielo azul que todos vemos, ni",naturaleza
-0.059571385,0.079101995,"aspereza. Duro el diamante, la **naturaleza**, con admirable suerte ha fabricado, es duro","as-per-eza. Dur-o el diamante, la **naturaleza**, con admira-ble suerte ha fabricado, es duro",naturaleza
-0.05982304,0.06796719,"se le atreve, que es el morir del Sol **naturaleza** [UNK] hallaste como el Sol tumba de nieve :","se le atreve, que es el morir del Sol **naturaleza** [UNK] halla-ste como el Sol tumba de nieve :",naturaleza
-0.06311219,-0.055283632,"es comparte, obtiene plaza magistral, que el **arte** defectos suple y suertes adelanta. Símil","es comparte, obtiene plaza magist-ral, que el **arte** defectos suple y suerte-s adelan-ta. Sí-mil",arte
-0.054774,0.07062843,"ndo aun sus ideas, lo que perdieron por **naturaleza** les da el hechizo artificial por gracia. ¡ Oh","n-do aun sus ideas, lo que perdieron por **naturaleza** les da el hechizo artificial por gracia. ¡ Oh",naturaleza
-0.062128168,-0.027304625,", Lisi, estos acentos, desnudos de **arte** de dolor vestidos, lisonjas debían ser de",", Lis-i, estos acento-s, desnudos de **arte** de dolor vestidos, lis-on-jas debían ser de",arte
-0.061650496,-0.06643698,Virtud dirige las acciones. Pues debe con el **arte** socorrerse siendo dificultoso de extinguir,Vir-tud dirige las acciones. Pues debe con el **arte** so-cor-rer-se siendo dificul-toso de extingui-r,arte
-0.063085444,-0.04714212,a las ondas y viento abandonarla sin consejo del **arte** determino. No es de los riegos prevención,a las ondas y viento abandonar-la sin consejo del **arte** determin-o. No es de los riego-s prevención,arte
-0.04803929,0.082611226,la formidable trompa a conformar las dos **naturaleza**s. Del tronco de Moncada Catalina rama en,la formi-dable trom-pa a conform-ar las dos **naturaleza**-s. Del tronco de Mon-cada Catalina rama en,naturaleza
-0.06337958,-0.04519284,"suerte, y ociosa en todo del amor el **arte**. Aun la esperanza debe entristecerte,","suerte, y ocio-sa en todo del amor el **arte**. Aun la esperanza debe entr-iste-cer-te,",arte
-0.05732486,0.091490425,"ucena, con acción impura, y la **naturaleza** está ofendida. ¿ Qué te ha hecho esta","uc-ena, con acción impu-ra, y la **naturaleza** está ofen-dida. ¿ Qué te ha hecho esta",naturaleza
-0.05481279,0.06571861,"de mi gran firmeza, mostrando en mí su vil **naturaleza**, que es hacer más ofensa al más amigo","de mi gran firmeza, mostrando en mí su vil **naturaleza**, que es hacer más ofen-sa al más amigo",naturaleza
-0.057871256,-0.024838572,"mismo voy tomando estrecha cuenta, y siendo de tal **arte** faltarme todo el bien, que temo en parte","mismo voy tomando estrecha cuenta, y siendo de tal **arte** faltar-me todo el bien, que temo en parte",arte
-0.063167065,-0.055319957,"al mundo idea, y hizo igual al pensamiento el **arte**. Boscán, las armas y el furor","al mundo idea, y hizo igual al pensamiento el **arte**. Bos-cán, las armas y el fur-or",arte
-0.06340026,-0.0494639,"en esta parte, han reducido a la memoria el **arte** y el antiguo valor [UNK], por cuya fuerza y","en esta parte, han reducido a la memoria el **arte** y el antiguo valor [UNK], por cuya fuerza y",arte
-0.058041453,-0.037825283,"sí los veo sino reñidos. De tal **arte** pelean noche y día, que sólo se concier","sí los veo sino re-ñ-idos. De tal **arte** pelea-n noche y día, que sólo se concier",arte
-0.054931674,-0.041217625,". Yo acabaré, que me entregué sin **arte** a quien sabrá perderme y acabarme si ella",". Yo acabar-é, que me entre-gué sin **arte** a quien sabrá perder-me y acabar-me si ella",arte
-0.057058997,-0.007828402,". En fin, que como quiera, estoy de **arte**, que juzgo ya por hora menos fuerte,",". En fin, que como quiera, estoy de **arte**, que juz-go ya por hora menos fuerte,",arte
-0.06274417,-0.04418895,"veré el cabello vuelto en nieve pura, que el **arte** y juventud encrespa y dora. Y","veré el cabello vuelto en nieve pura, que el **arte** y juventud enc-res-pa y dor-a. Y",arte
-0.05703427,0.0766981,"mano. Aquel, aquel descuido soberano de la **naturaleza**, en nada avara, con luenga","mano. Aquel, aquel descui-do soberano de la **naturaleza**, en nada av-ara, con lu-en-ga",naturaleza
-0.061632816,-0.049305618,"Los primores del cielo, los primores del **arte** aquí la envidia vio amarilla, y sobrada de","Los primor-es del cielo, los primor-es del **arte** aquí la envidia vio amarilla, y sobra-da de",arte
-0.063372925,-0.048011925,"esperanza alargando, y si no engaña su **arte** al sabio, Amarilis serás mía. Así del","esperanza alar-gando, y si no engañ-a su **arte** al sabio, Amari-lis serás mía. Así del",arte
-0.057056967,0.07972134,"llorar sí, que sólo esto de grado le dio **naturaleza**, y tan vicioso y tan rudo animal,","llorar sí, que sólo esto de grado le dio **naturaleza**, y tan vici-oso y tan rudo animal,",naturaleza
-0.062388286,-0.05397968,"virginal Retrato y Templo santo. El **arte** juzga tu con qué dispone y guarda, y","vir-ginal Re-tra-to y Templo santo. El **arte** juz-ga tu con qué dispone y guarda, y",arte
-0.062125288,-0.018251298,"y dura el hado, la Fortuna, **arte** y natura lo esencial, sustancial y el accidente","y dura el ha-do, la Fort-una, **arte** y natur-a lo esencial, sustancial y el accidente",arte
-0.05539089,0.07423242,"su estandarte. Rayo veloz, que por **naturaleza**, buscas la cumbre con ardiente saña, sin","su estand-arte. Ray-o veloz, que por **naturaleza**, buscas la cumbre con ardiente sa-ña, sin",naturaleza
-0.059279762,0.07091759,rele celestial vivo y presente [UNK] pero **naturaleza** no consiente la justa muerte que el amor resist,re-le cele-sti-al vivo y presente [UNK] pero **naturaleza** no consi-ente la justa muerte que el amor resist,naturaleza
-0.06339616,-0.056027032,"pretendo templar tristezas, despreciando el **arte**. Deseo de saber tan propio al hombre con años","preten-do temp-lar tristeza-s, despreci-ando el **arte**. Deseo de saber tan propio al hombre con años",arte
-0.05409012,0.019153785,estime y nombre ? ¡ Qué necio en **ciencias** vanas me divierto ! que si los ojos,estim-e y nombre ? ¡ Qué nec-io en **ciencias** van-as me divi-erto ! que si los ojos,ciencias
-0.06279388,-0.04482311,si los ojos a tu cruz levanto eres el **arte** más seguro y cierto. ¿ Pero cómo clavado,si los ojos a tu cruz levan-to eres el **arte** más seguro y cierto. ¿ Pero cómo cla-vado,arte
-0.06287941,-0.03355771,"? Hermosos ojos, pus ignora el **arte** ciencia de serenar la hermosa frente [UNK] donde","? Hermoso-s ojos, pu-s ignor-a el **arte** ciencia de ser-ena-r la hermosa frente [UNK] donde",arte
-0.06374164,-0.046476647,"ta ? Vida breve y mortal, dejad el **arte**, que a quien se ha de partir tan pres","ta ? Vida breve y mortal, deja-d el **arte**, que a quien se ha de partir tan pres",arte
-0.055970456,0.08940314,". Si el padre universal de cuanto veo en la **naturaleza** nuestra humana despreció la sentencia soberana, obede",". Si el padre universal de cuanto veo en la **naturaleza** nuestra humana despreci-ó la sentencia sober-ana, obede",naturaleza
-0.06254367,-0.059724543,"que hicieron de oro ya la edad, ya el **arte**, aparte plata y bajo cobre aparte, colgar por","que hicieron de oro ya la edad, ya el **arte**, aparte plata y bajo cobre aparte, colgar por",arte
-0.05605475,0.09361186,"con las gracias que atesora, que a la **naturaleza** dio desvelo, y que en las luces del","con las gracias que ates-ora, que a la **naturaleza** dio desv-elo, y que en las luces del",naturaleza
-0.062174536,-0.053815182,"es tu pluma, don Juan, escribe el **arte**, no es tu pincel, naturaleza pinta.","es tu pluma, don J-uan, escribe el **arte**, no es tu pin-cel, naturaleza pinta.",arte
-0.059255097,0.057895757,"escribe el arte, no es tu pincel, **naturaleza** pinta. Ni tu pluma permite al Castellano ni","escribe el arte, no es tu pin-cel, **naturaleza** pinta. Ni tu pluma permite al Castell-ano ni",naturaleza
-0.054802805,0.020582367,"Nilo, Ganges y Pactolo. La **religión** y la justicia lloren, oh pacífico Numa","Ni-lo, Gan-ges y Pacto-lo. La **religión** y la justicia llor-en, oh pacífico Num-a",religión
-0.056853466,0.06934515,"! en vano os volverá piadosos quien por **naturaleza** así os convida, que os tiene mi razón","! en vano os volverá pi-ados-os quien por **naturaleza** así os convi-da, que os tiene mi razón",naturaleza
-0.05902786,0.066217706,"sintiendo en la sutil belleza, como de ajena son **naturaleza**, inquiétase en ardores congojoso","sintiendo en la sutil belleza, como de ajena son **naturaleza**, inqui-é-tase en ar-dores con-go-joso",naturaleza
-0.061021037,0.07283171,"milagro del autor de cielo y tierra, bien de **naturaleza** el más perfeto, Lucinda hermosa en","milagro del autor de cielo y tierra, bien de **naturaleza** el más perf-eto, Luci-n-da hermosa en",naturaleza
-0.06111953,0.07901056,"culpa yo, tengo la pena, que a tu **naturaleza** en todo ajena juntarse dos contrarios atribuy","culpa yo, tengo la pena, que a tu **naturaleza** en todo ajena juntar-se dos contrario-s atrib-uy",naturaleza
-0.059660826,0.06474208,"que en tantas aguas se escapó tu fuego ? Hizo **naturaleza** con desvelo, bien que instrumento del poder divino","que en tantas aguas se escapó tu fuego ? Hizo **naturaleza** con desv-elo, bien que instrumento del poder divino",naturaleza
-0.062783696,-0.037923846,"apata se verá gloriosa. Esta imagen del **arte**, donde calla naturaleza, y él admira en","apa-ta se verá glor-iosa. Esta imagen del **arte**, donde cal-la naturaleza, y él admira en",arte
-0.06128815,0.06572136,"iosa. Esta imagen del arte, donde calla **naturaleza**, y él admira en ella darle materia en que","iosa. Esta imagen del arte, donde cal-la **naturaleza**, y él admira en ella darle materia en que",naturaleza
-0.058405302,0.055264305,"Aves a la Madre. Habiendo hecho en ti **naturaleza** Julia, el ojos derecho tan perfecto, juz","Ave-s a la Madre. Habiendo hecho en ti **naturaleza** J-ulia, el ojos derecho tan perfecto, juz",naturaleza
-0.058322728,0.09435993,"eza, vendréis, a ser en mí **naturaleza**, y perderá su fin vuestra porfía. Si","eza, ven-dré-is, a ser en mí **naturaleza**, y perderá su fin vuestra por-fía. Si",naturaleza
-0.053570013,0.022221845,"de un genio acompañado, que me enseña de amor **ciencias** divinas. Desnuda los esmaltes","de un genio acompañado, que me enseña de amor **ciencias** divina-s. Des-nu-da los es-mal-tes",ciencias
-0.06017438,0.08080717,"mí te hace perjura. No sin considerada arquitectura **naturaleza** procedió al formarte [UNK] dividirte pudiera, y","mí te hace perj-ura. No sin considerada arquitectura **naturaleza** procedió al formar-te [UNK] dividir-te pudiera, y",naturaleza
-0.054003794,0.028090376,", fenece en sombra ? La madre de las **ciencias**, donde a tantos verde laurel por únicos",", fen-ece en sombra ? La madre de las **ciencias**, donde a tantos verde la-ure-l por únicos",ciencias
-0.056149177,0.08663622,"con vos corrido, y admirada de sí **naturaleza**. Firme sois, y mujer, si son","con vos corri-do, y admira-da de sí **naturaleza**. Firm-e sois, y mujer, si son",naturaleza
-0.05911507,0.07900513,"pudiendo, a nadie ayuda [UNK] porque es tan desigual **naturaleza**, que cuando a retratarle se atrevieran","pudiendo, a nadie ayuda [UNK] porque es tan desigual **naturaleza**, que cuando a retra-tarle se atre-viera-n",naturaleza
-0.059963793,0.08537273,los rostros todos de una suerte la hermosa en variar **naturaleza**. Los humores del hombre reducidos a un mismo,los rostros todos de una suerte la hermosa en variar **naturaleza**. Los humor-es del hombre reducidos a un mismo,naturaleza
-0.058860585,0.071958825,"peñas y maleza, o qué abismo formó **naturaleza**, a dónde el rayo de tu luz no entrar","pe-ñas y male-za, o qué abismo formó **naturaleza**, a dónde el rayo de tu luz no entrar",naturaleza
-0.06158654,-0.061521117,"ido. Los mismos son, que no pudiera el **arte** vencer al cielo en perfección tan rara [UNK] testigo son","ido. Los mismos son, que no pudiera el **arte** vencer al cielo en perfección tan rara [UNK] testigo son",arte
-0.059393235,0.070901155,"engaños. Mas ¡ ay que no era en vos **naturaleza** ! Perdí mi tiempo, lloraré mis daños.","engaños. Mas ¡ ay que no era en vos **naturaleza** ! Perdí mi tiempo, llorar-é mis daños.",naturaleza
-0.060326573,0.07670488,"su ingenio y gentileza. Es el amor común **naturaleza**, mas yo tengo mi honor por más tesoro [UNK]","su ingenio y gentil-eza. Es el amor común **naturaleza**, mas yo tengo mi honor por más tesoro [UNK]",naturaleza
-0.06070708,0.08070909,"za. Que al fin, si te excedió **naturaleza** en dar alma a sus cuerpos, tú la exce","za. Que al fin, si te exce-dió **naturaleza** en dar alma a sus cuerpos, tú la exce",naturaleza
-0.0600314,-0.06118444,des en que sin almas nuestras almas puedes mover con **arte** y con mayor belleza. Lleva del tiempo y de,des en que sin almas nuestras almas puedes mover con **arte** y con mayor belleza. Lleva del tiempo y de,arte
-0.06087206,0.07926353,", alma Venus gentil, luz que sujeta cuanto mortal **naturaleza** cría [UNK] dulce dispara a la enemiga mía flecha",", alma Venus gentil, luz que sujeta cuanto mortal **naturaleza** cría [UNK] dulce dispara a la enemi-ga mía flecha",naturaleza
-0.05554621,0.051902868,"ris ha de ser lo que solía, porque es **naturaleza** la costumbre. ¿ A dónde llevas, infernal","ris ha de ser lo que solía, porque es **naturaleza** la costumbre. ¿ A dónde llevas, infer-nal",naturaleza
-0.062118754,-0.007300876,", pues es por ti, sin remediarte **arte**, la cuerda, loca [UNK] la encerrada,",", pues es por ti, sin reme-diar-te **arte**, la cuerda, loca [UNK] la encer-rada,",arte
-0.04625696,0.07773483,"encierra en sí, como pequeño mundo, tantas **naturaleza**s prodigiosas. Este de uniones almas","enci-erra en sí, como pequeño mundo, tantas **naturaleza**-s prodi-gios-as. Este de uni-ones almas",naturaleza
-0.06281693,-0.05323101,"el alma al verdadero centro. La virtud como el **arte** hallarse suele cerca de lo difícil, y así","el alma al verdadero centro. La virtud como el **arte** hallar-se suele cerca de lo difícil, y así",arte
-0.060080234,-0.04646469,", tú como los guantes, que cortados con **arte** por los dedos, por lo rompido muestran los",", tú como los guantes, que cortado-s con **arte** por los dedos, por lo romp-ido muestran los",arte
-0.061594617,-0.069533974,"su deseo. Dejo, Lisena, el **arte** con que mides el Reino de Plutón de","su deseo. Dej-o, Lis-ena, el **arte** con que mide-s el Reino de Plu-tón de",arte
-0.055780604,0.041082337,"asida a nuestro humano entendimiento. Y que la **ciencias**, que estudiaba atento, era que el alma","asi-da a nuestro humano entendimiento. Y que la **ciencias**, que estudia-ba atento, era que el alma",ciencias
-0.05294352,0.03263317,"que era tabla desnuda susceptiva, hasta saber las **ciencias** torpe y rudo. Y por tu ejemplo la verdad","que era tabla desnuda suscep-tiva, hasta saber las **ciencias** torpe y rudo. Y por tu ejemplo la verdad",ciencias
-0.05980414,0.08845519,"cielo contemplado vive. De aquesta celestial **naturaleza** es, Francisco, mi amor amor sagrado, que","cielo contemplado vive. De aque-sta cele-sti-al **naturaleza** es, Francisco, mi amor amor sagrado, que",naturaleza
-0.06076219,0.064638115,"a [UNK] mudé mi natural, porque mudara **naturaleza** el uso y curso el daño. En otro cielo","a [UNK] mud-é mi natural, porque mudar-a **naturaleza** el uso y curso el daño. En otro cielo",naturaleza
-0.061025888,-0.056635797,"de llevar su semejante [UNK] tal puede en proporción el **arte** humano. Sin espuela en el pie, rie","de llevar su semejante [UNK] tal puede en proporción el **arte** humano. Sin esp-uela en el pie, rie",arte
-0.061279397,-0.07247637,". Bien pueden tus colores alabarse, y el **arte** de tu ingenio peregrino, cuanto puede imitar",". Bien pueden tus colores alab-arse, y el **arte** de tu ingenio peregr-ino, cuanto puede imit-ar",arte
-0.05842458,0.06708168,"e y que se alegre Marte, y que a **naturaleza** venza el arte, negando el rostro","e y que se alegre Marte, y que a **naturaleza** ven-za el arte, nega-n-do el rostro",naturaleza
-0.06449778,-0.041908354,"alegre Marte, y que a naturaleza venza el **arte**, negando el rostro lo que el alma","alegre Marte, y que a naturaleza ven-za el **arte**, nega-n-do el rostro lo que el alma",arte
-0.0622568,-0.0452888,Apolo no se mueve formaba un mármol excediendo el **arte**. Con el rey de Sión estaba aparte Ge,Apolo no se mueve formaba un mármol exce-diendo el **arte**. Con el rey de Si-ón estaba aparte Ge,arte
-0.059737347,0.074283026,"quiso dar de igual grandeza, que por muestra formó **naturaleza** del instrumento del poder divino. Por honrar su amor","quiso dar de igual grandeza, que por muestra formó **naturaleza** del instrumento del poder divino. Por honrar su amor",naturaleza
-0.06002721,-0.061530195,"mano. Estima los efectos que recibes del **arte** de imprimir, cuando resumas la grandeza del","mano. Estim-a los efectos que recibe-s del **arte** de imprimir, cuando res-uma-s la grandeza del",arte
-0.06232652,-0.060857832,"de cuyo ingenio alto y profundo la pura lengua y **arte** se mejoran. Sin otros o provectos,","de cuyo ingenio alto y profundo la pura lengua y **arte** se mejora-n. Sin otros o prove-ctos,",arte
-0.05862967,0.07260715,"de que fuistes imitada rompió, cuando formó **naturaleza**, acción de vuestro espejo reiterada. Quebrar","de que fuiste-s imit-ada rompió, cuando formó **naturaleza**, acción de vuestro espejo reitera-da. Que-brar",naturaleza
-0.059155956,0.07065676,"do, y me llamaste licenciado frío. Cruel **naturaleza** en nieve pura la fábrica exterior del cuerpo informa,","do, y me llamaste licenciado frío. Cru-el **naturaleza** en nieve pura la fábrica exterior del cuerpo informa,",naturaleza
-0.05683738,0.054461885,"bajan, y se implican en tanta variedad, **naturaleza** les muestra tu poder con la destreza, que","baja-n, y se implican en tanta variedad, **naturaleza** les muestra tu poder con la destr-eza, que",naturaleza
-0.06488986,-0.03127746,"no irá por voz mi amor, venciendo el **arte**, mas tal hielo aun no teme el fuego eterno","no irá por voz mi amor, ven-ciendo el **arte**, mas tal hielo aun no teme el fuego eterno",arte
-0.06040451,0.084159695,"tinente Licenciado, que en sus leyes formó **naturaleza**. Lo de menos valor es la corteza en cuantas","tine-n-te Licenciado, que en sus leyes formó **naturaleza**. Lo de menos valor es la corteza en cuantas",naturaleza
-0.05282387,0.016041193,"cuyas hojas milagrosas hacen que un alma en todas **ciencias** hable. Y entre las que sabéis maravillosas, mira","cuyas hojas milagros-as hacen que un alma en todas **ciencias** hable. Y entre las que sabéis maravillosas, mira",ciencias
-0.060208276,0.07128727,", se puso el mío. Cuantas cosas formó **naturaleza** tienen divino y alto fundamento, que del mayor poder",", se puso el mío. Cuan-tas cosas formó **naturaleza** tienen divino y alto fundamento, que del mayor poder",naturaleza
-0.05377812,0.023701644,"a los humanos deleites y placeres, artes y **ciencias** de tan varios nombres. Solamente parece cosa extraña que","a los humanos dele-ites y placeres, artes y **ciencias** de tan varios nombres. Solamente parece cosa extraña que",ciencias
-0.05361297,-0.036396768,"mí quejoso, porque doy en seguir Musas **arte**ras. Ahora invocaré las verdaderas, aunque os","mí que-joso, porque doy en seguir Mus-as **arte**-ras. Ahora invocar-é las verdaderas, aunque os",arte
